/*
SQLyog Ultimate v11.25 (64 bit)
MySQL - 5.5.28 : Database - store_1
*********************************************************************
*/

/*!40101 SET NAMES utf8 */;

/*!40101 SET SQL_MODE=''*/;

/*!40014 SET @OLD_UNIQUE_CHECKS=@@UNIQUE_CHECKS, UNIQUE_CHECKS=0 */;
/*!40014 SET @OLD_FOREIGN_KEY_CHECKS=@@FOREIGN_KEY_CHECKS, FOREIGN_KEY_CHECKS=0 */;
/*!40101 SET @OLD_SQL_MODE=@@SQL_MODE, SQL_MODE='NO_AUTO_VALUE_ON_ZERO' */;
/*!40111 SET @OLD_SQL_NOTES=@@SQL_NOTES, SQL_NOTES=0 */;
CREATE DATABASE /*!32312 IF NOT EXISTS*/`store_1` /*!40100 DEFAULT CHARACTER SET utf8 */;

USE `store_1`;

/*Table structure for table `category` */

DROP TABLE IF EXISTS `category`;

CREATE TABLE `category` (
  `cid` varchar(32) NOT NULL,
  `cname` varchar(20) DEFAULT NULL,
  PRIMARY KEY (`cid`)
) ENGINE=InnoDB DEFAULT CHARSET=utf8;

/*Data for the table `category` */

insert  into `category`(`cid`,`cname`) values ('1','手机数码'),('172934bd636d485c98fd2d3d9cccd409','运动户外'),('2','电脑办公'),('3','家具家居'),('4','鞋靴箱包'),('5','图书音像'),('6','母婴孕婴'),('ACCB021098A54BD3BE56A48A5EF30C0A','aaaaa'),('afdba41a139b4320a74904485bdb7719','汽车用品'),('E3BC49CD19C44E459447B49D77D49615','bbbbb');

/*Table structure for table `orderitem` */

DROP TABLE IF EXISTS `orderitem`;

CREATE TABLE `orderitem` (
  `itemid` varchar(32) NOT NULL,
  `quantity` int(11) DEFAULT NULL,
  `total` double DEFAULT NULL,
  `pid` varchar(32) DEFAULT NULL,
  `oid` varchar(32) DEFAULT NULL,
  PRIMARY KEY (`itemid`),
  KEY `order_item_fk_0001` (`pid`),
  KEY `order_item_fk_0002` (`oid`),
  CONSTRAINT `order_item_fk_0001` FOREIGN KEY (`pid`) REFERENCES `product` (`pid`),
  CONSTRAINT `order_item_fk_0002` FOREIGN KEY (`oid`) REFERENCES `orders` (`oid`)
) ENGINE=InnoDB DEFAULT CHARSET=utf8;

/*Data for the table `orderitem` */

insert  into `orderitem`(`itemid`,`quantity`,`total`,`pid`,`oid`) values ('166CF5CA132240E48189A3E3039FCE04',1,1699,'23','7684D65B48234300905A7876FCDB6CFD'),('1ABBB206766C4ABFA4C4E0B4BC375AFC',1,1299,'1','55651C9CCD034E5B99DFDBC7944BFA20'),('2819D2B4CD8645778281AD48E0110E5D',1,2298,'11','F8AF22BA20E6413D8C21D3B31882D3DB'),('2F216BC698CE40D982D2C5103C1D3A3C',1,2299,'50','7684D65B48234300905A7876FCDB6CFD'),('30CBC25A9869486FB46F28C3364D3CE0',1,1398,'7','CCD8FD99D26342C897075537ABEBE3A1'),('3525F5E57AB34337980C109828F7DD28',1,4288,'15','8760EA25100F4A82B9892FD02C266B9C'),('4A9E0FD6465044B0BE8735196BC0F639',1,80,'617E1EDCD4054DF2BB3E78141EF30BB7','F8AF22BA20E6413D8C21D3B31882D3DB'),('4D8B9FF0464443A193317D0D4724AB07',1,4288,'15','685632CE173C4D77959DB7BDB5BD31C3'),('51FE5072DD404FA0B277798E62554527',1,4499,'34','F87B0BF151A54EA9BA6E665051A341E1'),('56FDDBE41F5E475B9B4991593A08207F',1,4288,'15','D79C2FBB2A0C41DDBDC4C1AAA95E01FA'),('5B9882ED00204C78A8FFC9FBDA35E3A4',1,4199,'33','CF50E1A007C84D7DB0004DA74874EA49'),('64A56F73BFDC495DA88F030E6BF54FD4',1,3299,'37','7684D65B48234300905A7876FCDB6CFD'),('6B947B1F8E26473A8DBB909F065C73B1',1,4087,'16','F87B0BF151A54EA9BA6E665051A341E1'),('6F0CC3A5C9A0498184A41ACCF358CE31',1,2299,'31','F87B0BF151A54EA9BA6E665051A341E1'),('73D07AB9F286416498F4B34853068A6F',1,6688,'32','5609C4FD3D3F4499B664099F0FF23E1A'),('752495B5A6BB4D058C698B0068058B46',1,1699,'23','F8AF22BA20E6413D8C21D3B31882D3DB'),('7BB88004D8DF48F88F8A3B86F80CE0C7',1,2699,'2','55898EA4327D4D788A75895E830CED43'),('8C466E40A24D46E1B8C289088FDBB7A9',1,2699,'2','CCD8FD99D26342C897075537ABEBE3A1'),('8D3AA8536F904F3B908113B81DBA42AF',1,1699,'23','55651C9CCD034E5B99DFDBC7944BFA20'),('8DC1BFF23A2B4A039E87C4C122F7E995',1,80,'617E1EDCD4054DF2BB3E78141EF30BB7','EA1A4BF9D0014756B7BBA85438AB4068'),('935BEFF52F1A4C9384D5AD87A228E286',1,3299,'37','55651C9CCD034E5B99DFDBC7944BFA20'),('9C3E166150F94453AEAC1E1D441664E5',1,2699,'2','7684D65B48234300905A7876FCDB6CFD'),('A25396A5BB3746DEAE6AEE79326C3E7B',1,2298,'11','7684D65B48234300905A7876FCDB6CFD'),('A54969EE119445EE9D7BD63A002DB013',1,2499,'13','F87B0BF151A54EA9BA6E665051A341E1'),('A7A6BF35C3024F59BD963600DB43D430',1,3699,'35','BDDF2C94B0D2470FA67B8D32680A5638'),('AE2A87D8521740C4BA4C490ECA1F0071',1,3699,'35','E64135B88FD04CACB19A7C1F14F7CB11'),('B7B07BA66C6643BAA526B99F46A5ADDB',1,1699,'23','0096527F72A047D8851A00AF8026A1E4'),('BD4A70AEDF034A8DB2B9FD5995B524A8',1,1469,'19','F87B0BF151A54EA9BA6E665051A341E1'),('C174C68A127C486993DEDA8D1C149863',1,3699,'35','F87B0BF151A54EA9BA6E665051A341E1'),('C83E3C9044E34035813A7CF59EAF4C60',1,1699,'23','F19A666C16B14BC0AAAB6F05D29AE177'),('CFB6956A90DF488CAA439AB824F06AA4',1,6599,'40','7684D65B48234300905A7876FCDB6CFD'),('D791162D500449A1BF896689401922A6',1,1469,'19','B985BCCCEA4D4E6B852029A7D9FF5296'),('DD731DC9CD764E77B9F006E89D1EFF81',1,3299,'37','F87B0BF151A54EA9BA6E665051A341E1'),('E5D91128B2C04F46B4A28B3F0A185CDE',1,4288,'15','55651C9CCD034E5B99DFDBC7944BFA20'),('E605BC16E5564866A7390775F70FAA29',2,8398,'33','BDDF2C94B0D2470FA67B8D32680A5638'),('F1975D8AED4444D78FBD6DC7FF1C561F',1,4288,'15','EA1A4BF9D0014756B7BBA85438AB4068'),('F2F8CBC1D16D47DAAA33349D100BDB5D',1,2699,'2','55651C9CCD034E5B99DFDBC7944BFA20'),('FED221F68D864B43BCBD2A66B36FA627',1,1699,'23','5609C4FD3D3F4499B664099F0FF23E1A');

/*Table structure for table `orders` */

DROP TABLE IF EXISTS `orders`;

CREATE TABLE `orders` (
  `oid` varchar(32) NOT NULL,
  `ordertime` datetime DEFAULT NULL,
  `total` double DEFAULT NULL,
  `state` int(11) DEFAULT NULL,
  `address` varchar(30) DEFAULT NULL,
  `name` varchar(20) DEFAULT NULL,
  `telephone` varchar(20) DEFAULT NULL,
  `uid` varchar(32) DEFAULT NULL,
  PRIMARY KEY (`oid`),
  KEY `order_fk_0001` (`uid`),
  CONSTRAINT `order_fk_0001` FOREIGN KEY (`uid`) REFERENCES `user` (`uid`)
) ENGINE=InnoDB DEFAULT CHARSET=utf8;

/*Data for the table `orders` */

insert  into `orders`(`oid`,`ordertime`,`total`,`state`,`address`,`name`,`telephone`,`uid`) values ('0096527F72A047D8851A00AF8026A1E4','2019-01-23 09:20:36',1699,1,NULL,NULL,NULL,'1256DA54A37F4D4CAC26903F3D3E10CD'),('55651C9CCD034E5B99DFDBC7944BFA20','2018-12-15 22:17:33',13284,1,'','','','1256DA54A37F4D4CAC26903F3D3E10CD'),('55898EA4327D4D788A75895E830CED43','2018-12-15 18:45:07',2699,1,NULL,NULL,NULL,'1256DA54A37F4D4CAC26903F3D3E10CD'),('5609C4FD3D3F4499B664099F0FF23E1A','2019-01-30 17:44:07',8387,1,NULL,NULL,NULL,'1256DA54A37F4D4CAC26903F3D3E10CD'),('685632CE173C4D77959DB7BDB5BD31C3','2018-12-20 17:15:10',4288,1,NULL,NULL,NULL,'1256DA54A37F4D4CAC26903F3D3E10CD'),('7684D65B48234300905A7876FCDB6CFD','2018-12-15 22:30:40',18893,1,NULL,NULL,NULL,'1256DA54A37F4D4CAC26903F3D3E10CD'),('8760EA25100F4A82B9892FD02C266B9C','2018-12-20 15:29:52',4288,1,NULL,NULL,NULL,'1256DA54A37F4D4CAC26903F3D3E10CD'),('B985BCCCEA4D4E6B852029A7D9FF5296','2018-12-20 19:03:05',1469,1,NULL,NULL,NULL,'1256DA54A37F4D4CAC26903F3D3E10CD'),('BDDF2C94B0D2470FA67B8D32680A5638','2018-12-15 22:29:55',12097,1,NULL,NULL,NULL,'1256DA54A37F4D4CAC26903F3D3E10CD'),('CCD8FD99D26342C897075537ABEBE3A1','2018-12-15 21:09:19',4097,1,NULL,NULL,NULL,'1256DA54A37F4D4CAC26903F3D3E10CD'),('CF50E1A007C84D7DB0004DA74874EA49','2018-12-15 21:21:58',4199,1,NULL,NULL,NULL,'1256DA54A37F4D4CAC26903F3D3E10CD'),('D79C2FBB2A0C41DDBDC4C1AAA95E01FA','2018-12-20 16:50:52',4288,1,NULL,NULL,NULL,'1256DA54A37F4D4CAC26903F3D3E10CD'),('E64135B88FD04CACB19A7C1F14F7CB11','2018-12-15 22:30:06',3699,1,NULL,NULL,NULL,'1256DA54A37F4D4CAC26903F3D3E10CD'),('EA1A4BF9D0014756B7BBA85438AB4068','2019-01-31 13:52:03',4368,1,NULL,NULL,NULL,'1256DA54A37F4D4CAC26903F3D3E10CD'),('F19A666C16B14BC0AAAB6F05D29AE177','2018-12-20 16:52:35',1699,1,NULL,NULL,NULL,'1256DA54A37F4D4CAC26903F3D3E10CD'),('F87B0BF151A54EA9BA6E665051A341E1','2018-12-15 21:23:46',21851,1,NULL,NULL,NULL,'1256DA54A37F4D4CAC26903F3D3E10CD'),('F8AF22BA20E6413D8C21D3B31882D3DB','2019-01-31 11:43:47',4077,1,NULL,NULL,NULL,'1256DA54A37F4D4CAC26903F3D3E10CD');

/*Table structure for table `product` */

DROP TABLE IF EXISTS `product`;

CREATE TABLE `product` (
  `pid` varchar(32) NOT NULL,
  `pname` varchar(50) DEFAULT NULL,
  `market_price` double DEFAULT NULL,
  `shop_price` double DEFAULT NULL,
  `pimage` varchar(200) DEFAULT NULL,
  `pdate` date DEFAULT NULL,
  `is_hot` int(11) DEFAULT NULL,
  `pdesc` varchar(255) DEFAULT NULL,
  `pflag` int(11) DEFAULT '0',
  `cid` varchar(32) DEFAULT NULL,
  PRIMARY KEY (`pid`),
  KEY `product_fk_0001` (`cid`),
  CONSTRAINT `product_fk_0001` FOREIGN KEY (`cid`) REFERENCES `category` (`cid`)
) ENGINE=InnoDB DEFAULT CHARSET=utf8;

/*Data for the table `product` */

insert  into `product`(`pid`,`pname`,`market_price`,`shop_price`,`pimage`,`pdate`,`is_hot`,`pdesc`,`pflag`,`cid`) values ('1','适用小米note m4小米4c小米3手机屏幕总成寄修维修单独换外屏触摸',1399,1299,'products/1/c_0001.jpg','2015-11-02',1,'小米 4c 标准版 全网通 白色 移动联通电信4G手机 双卡双待',0,'1'),('10','华为 Ascend Mate7',2699,2599,'products/1/c_0010.jpg','2015-11-02',1,'华为 Ascend Mate7 月光银 移动4G手机 双卡双待双通6英寸高清大屏，纤薄机身，智能超八核，按压式指纹识别！!选择下方“移动老用户4G飞享合约”，无需换号，还有话费每月返还！',0,'1'),('11','vivo X5Pro',2399,2298,'products/1/c_0014.jpg','2015-11-02',1,'移动联通双4G手机 3G运存版 极光白【购机送蓝牙耳机+蓝牙自拍杆】新升级3G运行内存·双2.5D弧面玻璃·眼球识别技术',0,'1'),('12','努比亚（nubia）My 布拉格',1899,1799,'products/1/c_0013.jpg','2015-11-02',0,'努比亚（nubia）My 布拉格 银白 移动联通4G手机 双卡双待【嗨11，下单立减100】金属机身，快速充电！布拉格相机全新体验！',0,'1'),('13','华为 麦芒4',2599,2499,'products/1/c_0012.jpg','2015-11-02',1,'华为 麦芒4 晨曦金 全网通版4G手机 双卡双待金属机身 2.5D弧面屏 指纹解锁 光学防抖',0,'1'),('14','vivo X5M',1899,1799,'products/1/c_0011.jpg','2015-11-02',0,'vivo X5M 移动4G手机 双卡双待 香槟金【购机送蓝牙耳机+蓝牙自拍杆】5.0英寸大屏显示·八核双卡双待·Hi-Fi移动KTV',0,'1'),('15','Apple iPhone 6 (A1586)',4399,4288,'products/1/c_0015.jpg','2015-11-02',1,'Apple iPhone 6 (A1586) 16GB 金色 移动联通电信4G手机长期省才是真的省！点击购机送费版，月月送话费，月月享优惠，畅享4G网络，就在联通4G！',0,'1'),('16','华为 HUAWEI Mate S 臻享版',4200,4087,'products/1/c_0016.jpg','2015-11-03',0,'华为 HUAWEI Mate S 臻享版 手机 极昼金 移动联通双4G(高配)满星评价即返30元话费啦；买就送电源+清水套+创意手机支架；优雅弧屏，mate7升级版',0,'1'),('17','索尼(SONY) E6533 Z3+',4099,3999,'products/1/c_0017.jpg','2015-11-02',0,'索尼(SONY) E6533 Z3+ 双卡双4G手机 防水防尘 涧湖绿索尼z3专业防水 2070万像素 移动联通双4G',0,'1'),('18','HTC One M9+',3599,3499,'products/1/c_0018.jpg','2015-11-02',0,'HTC One M9+（M9pw） 金银汇 移动联通双4G手机5.2英寸，8核CPU，指纹识别，UltraPixel超像素前置相机+2000万/200万后置双镜头相机！降价特卖，惊喜不断！',0,'1'),('19','HTC Desire 826d 32G 臻珠白',1599,1469,'products/1/c_0020.jpg','2015-11-02',1,'后置1300万+UltraPixel超像素前置摄像头+【双】前置扬声器+5.5英寸【1080p】大屏！',0,'1'),('2','中兴 AXON',2899,2699,'products/1/c_0002.jpg','2015-11-05',1,'中兴 AXON 天机 mini 压力屏版 B2015 华尔金 移动联通电信4G 双卡双待',0,'1'),('20','小米 红米2A 增强版 白色',649,549,'products/1/c_0019.jpg','2015-11-02',0,'新增至2GB 内存+16GB容量！4G双卡双待，联芯 4 核 1.5GHz 处理器！',0,'1'),('21','魅族 魅蓝note2 16GB 白色',1099,999,'products/1/c_0021.jpg','2015-11-02',0,'现货速抢，抢完即止！5.5英寸1080P分辨率屏幕，64位八核1.3GHz处理器，1300万像素摄像头，双色温双闪光灯！',0,'1'),('22','三星 Galaxy S5 (G9008W) 闪耀白',2099,1999,'products/1/c_0022.jpg','2015-11-02',1,'5.1英寸全高清炫丽屏，2.5GHz四核处理器，1600万像素',0,'1'),('23','sonim XP7700 4G手机',1799,1699,'products/1/c_0023.jpg','2015-11-09',1,'三防智能手机 移动/联通双4G 安全 黑黄色 双4G美国军工IP69 30天长待机 3米防水防摔 北斗',0,'1'),('24','努比亚（nubia）Z9精英版 金色',3988,3888,'products/1/c_0024.jpg','2015-11-02',1,'移动联通电信4G手机 双卡双待真正的无边框！金色尊贵版！4GB+64GB大内存！',0,'1'),('25','Apple iPhone 6 Plus (A1524) 16GB 金色',5188,4988,'products/1/c_0025.jpg','2015-11-02',0,'Apple iPhone 6 Plus (A1524) 16GB 金色 移动联通电信4G手机 硬货 硬实力',0,'1'),('26','Apple iPhone 6s (A1700) 64G 玫瑰金色',6388,6088,'products/1/c_0026.jpg','2015-11-02',0,'Apple iPhone 6 Plus (A1524) 16GB 金色 移动联通电信4G手机 硬货 硬实力',0,'1'),('27','三星 Galaxy Note5（N9200）32G版',5588,5388,'products/1/c_0027.jpg','2015-11-02',0,'旗舰机型！5.7英寸大屏，4+32G内存！不一样的SPen更优化的浮窗指令！赠无线充电板！',0,'1'),('28','三星 Galaxy S6 Edge+（G9280）32G版 铂光金',5999,5888,'products/1/c_0028.jpg','2015-11-02',0,'赠移动电源+自拍杆+三星OTG金属U盘+无线充电器+透明保护壳',0,'1'),('29','LG G4（H818）陶瓷白 国际版',3018,2978,'products/1/c_0029.jpg','2015-11-02',0,'李敏镐代言，F1.8大光圈1600万后置摄像头，5.5英寸2K屏，3G+32G内存，LG年度旗舰机！',0,'1'),('3','华为荣耀6',1599,1499,'products/1/c_0003.jpg','2015-11-02',0,'荣耀 6 (H60-L01) 3GB内存标准版 黑色 移动4G手机',0,'1'),('30','微软(Microsoft) Lumia 640 LTE DS (RM-1113)',1099,999,'products/1/c_0030.jpg','2015-11-02',0,'微软首款双网双卡双4G手机，5.0英寸高清大屏，双网双卡双4G！',0,'1'),('31','宏碁（acer）ATC705-N50 台式电脑',2399,2299,'products/1/c_0031.jpg','2015-11-02',0,'爆款直降，满千减百，品质宏碁，特惠来袭，何必苦等11.11，早买早便宜！',0,'2'),('32','Apple MacBook Air MJVE2CH/A 13.3英寸',6788,6688,'products/1/c_0032.jpg','2015-11-02',0,'宽屏笔记本电脑 128GB 闪存',0,'2'),('33','联想（ThinkPad） 轻薄系列E450C(20EH0001CD)',4399,4199,'products/1/c_0033.jpg','2015-11-02',0,'联想（ThinkPad） 轻薄系列E450C(20EH0001CD)14英寸笔记本电脑(i5-4210U 4G 500G 2G独显 Win8.1)',0,'2'),('34','联想（Lenovo）小新V3000经典版',4599,4499,'products/1/c_0034.jpg','2015-11-02',0,'14英寸超薄笔记本电脑（i7-5500U 4G 500G+8G SSHD 2G独显 全高清屏）黑色满1000減100，狂减！火力全开，横扫3天！',0,'2'),('35','华硕（ASUS）经典系列R557LI',3799,3699,'products/1/c_0035.jpg','2015-11-02',0,'15.6英寸笔记本电脑（i5-5200U 4G 7200转500G 2G独显 D刻 蓝牙 Win8.1 黑色）',0,'2'),('36','华硕（ASUS）X450J',4599,4399,'products/1/c_0036.jpg','2015-11-02',0,'14英寸笔记本电脑 （i5-4200H 4G 1TB GT940M 2G独显 蓝牙4.0 D刻 Win8.1 黑色）',0,'2'),('37','戴尔（DELL）灵越 飞匣3000系列',3399,3299,'products/1/c_0037.jpg','2015-11-03',0,' Ins14C-4528B 14英寸笔记本（i5-5200U 4G 500G GT820M 2G独显 Win8）黑',0,'2'),('38','惠普(HP)WASD 暗影精灵',5699,5499,'products/1/c_0038.jpg','2015-11-02',0,'15.6英寸游戏笔记本电脑(i5-6300HQ 4G 1TB+128G SSD GTX950M 4G独显 Win10)',0,'2'),('39','Apple 配备 Retina 显示屏的 MacBook',11299,10288,'products/1/c_0039.jpg','2015-11-02',0,'Pro MF840CH/A 13.3英寸宽屏笔记本电脑 256GB 闪存',0,'2'),('4','联想 P1',2199,1999,'products/1/c_0004.jpg','2015-11-02',0,'联想 P1 16G 伯爵金 移动联通4G手机充电5分钟，通话3小时！科技源于超越！品质源于沉淀！5000mAh大电池！高端商务佳配！',0,'1'),('40','机械革命（MECHREVO）MR X6S-M',6799,6599,'products/1/c_0040.jpg','2015-11-02',0,'15.6英寸游戏本(I7-4710MQ 8G 64GSSD+1T GTX960M 2G独显 IPS屏 WIN7)黑色',0,'2'),('41','神舟（HASEE） 战神K660D-i7D2',5699,5499,'products/1/c_0041.jpg','2015-11-02',0,'15.6英寸游戏本(i7-4710MQ 8G 1TB GTX960M 2G独显 1080P)黑色',0,'2'),('42','微星（MSI）GE62 2QC-264XCN',6199,5999,'products/1/c_0042.jpg','2015-11-02',0,'15.6英寸游戏笔记本电脑（i5-4210H 8G 1T GTX960MG DDR5 2G 背光键盘）黑色',0,'2'),('43','雷神（ThundeRobot）G150S',5699,5499,'products/1/c_0043.jpg','2015-11-02',0,'15.6英寸游戏本 ( i7-4710MQ 4G 500G GTX950M 2G独显 包无亮点全高清屏) 金',0,'2'),('44','惠普（HP）轻薄系列 HP',3199,3099,'products/1/c_0044.jpg','2015-11-02',0,'15-r239TX 15.6英寸笔记本电脑（i5-5200U 4G 500G GT820M 2G独显 win8.1）金属灰',0,'2'),('45','未来人类（Terrans Force）T5',10999,9899,'products/1/c_0045.jpg','2015-11-02',0,'15.6英寸游戏本（i7-5700HQ 16G 120G固态+1TB GTX970M 3G GDDR5独显）黑',0,'2'),('46','戴尔（DELL）Vostro 3800-R6308 台式电脑',3299,3199,'products/1/c_0046.jpg','2015-11-02',0,'（i3-4170 4G 500G DVD 三年上门服务 Win7）黑',0,'2'),('47','联想（Lenovo）H3050 台式电脑',5099,4899,'products/1/c_0047.jpg','2015-11-11',0,'（i5-4460 4G 500G GT720 1G独显 DVD 千兆网卡 Win10）23英寸',0,'2'),('48','Apple iPad mini 2 ME279CH/A',2088,1888,'products/1/c_0048.jpg','2015-11-02',0,'（配备 Retina 显示屏 7.9英寸 16G WLAN 机型 银色）',0,'2'),('49','小米（MI）7.9英寸平板',1399,1299,'products/1/c_0049.jpg','2015-11-02',0,'WIFI 64GB（NVIDIA Tegra K1 2.2GHz 2G 64G 2048*1536视网膜屏 800W）白色',0,'2'),('5','摩托罗拉 moto x（x+1）',1799,1699,'products/1/c_0005.jpg','2015-11-01',0,'摩托罗拉 moto x（x+1）(XT1085) 32GB 天然竹 全网通4G手机11月11天！MOTO X震撼特惠来袭！1699元！带你玩转黑科技！天然材质，原生流畅系统！',0,'1'),('50','Apple iPad Air 2 MGLW2CH/A',2399,2299,'products/1/c_0050.jpg','2015-11-12',0,'（9.7英寸 16G WLAN 机型 银色）',0,'2'),('52F967B7197B4013B611DBFBEE0E4150','时尚女装1',100,90,'/products/3//7/1/6AC6B3633082435BAF9729FB98DFC9D3.jpg','2019-01-31',1,'时尚年轻女装',0,'1'),('6','魅族 MX5 16GB 银黑色',1899,1799,'products/1/c_0006.jpg','2015-11-02',0,'魅族 MX5 16GB 银黑色 移动联通双4G手机 双卡双待送原厂钢化膜+保护壳+耳机！5.5英寸大屏幕，3G运行内存，2070万+500万像素摄像头！长期省才是真的省！',0,'1'),('617E1EDCD4054DF2BB3E78141EF30BB7','时尚女装',90,80,'/products/3//e/c/B820E14331D54085B9823916941224AA.jpg','2019-01-31',1,'',0,'1'),('7','三星 Galaxy On7',1499,1398,'products/1/c_0007.jpg','2015-11-14',0,'三星 Galaxy On7（G6000）昂小七 金色 全网通4G手机 双卡双待新品火爆抢购中！京东尊享千元良机！5.5英寸高清大屏！1300+500W像素！评价赢30元话费券！',0,'1'),('8','NUU NU5',1288,1190,'products/1/c_0008.jpg','2015-11-02',0,'NUU NU5 16GB 移动联通双4G智能手机 双卡双待 晒单有礼 晨光金香港品牌 2.5D弧度前后钢化玻璃 随机附赠手机套+钢化贴膜 晒单送移动电源+蓝牙耳机',0,'1'),('9','乐视（Letv）乐1pro（X800）',2399,2299,'products/1/c_0009.jpg','2015-11-02',0,'乐视（Letv）乐1pro（X800）64GB 金色 移动联通4G手机 双卡双待乐视生态UI+5.5英寸2K屏+高通8核处理器+4GB运行内存+64GB存储+1300万摄像头！',0,'1');

/*Table structure for table `user` */

DROP TABLE IF EXISTS `user`;

CREATE TABLE `user` (
  `uid` varchar(32) NOT NULL,
  `username` varchar(20) DEFAULT NULL,
  `password` varchar(20) DEFAULT NULL,
  `name` varchar(20) DEFAULT NULL,
  `email` varchar(30) DEFAULT NULL,
  `telephone` varchar(20) DEFAULT NULL,
  `birthday` date DEFAULT NULL,
  `sex` varchar(10) DEFAULT NULL,
  `state` int(11) DEFAULT '0',
  `code` varchar(64) DEFAULT NULL,
  PRIMARY KEY (`uid`)
) ENGINE=InnoDB DEFAULT CHARSET=utf8;

/*Data for the table `user` */

insert  into `user`(`uid`,`username`,`password`,`name`,`email`,`telephone`,`birthday`,`sex`,`state`,`code`) values ('1256DA54A37F4D4CAC26903F3D3E10CD','aaa','aaa','美鑫','aaa@store.com','12346978866','2018-12-01','女',1,NULL),('671105704C4742FAAE8E43E857463B3E','eee','eee','eee','eee@qq.com','12346978865','2018-02-08','女',0,'9119BAF0F028460FB5C45BB83F343CFB'),('7F6AFEBFB126403FA21495FC7728CE6A','ff','ff','ff',NULL,'12346978866','2016-12-31','男',0,'AA5728ED6E724C78B8F6FD19997223C0'),('A14E08A768434CA7B6492EBA520D2A16',NULL,NULL,NULL,NULL,NULL,NULL,NULL,0,'160DCBB0C5304D4AB7D4E8A64B9C7D56'),('c95b15a864334adab3d5bb6604c6e1fc','bbb','bbb','老王','bbb@store.com','15712344823','2000-02-01','男',0,'71a3a933353347a4bcacff699e6baa9c950a02f6b84e4f6fb8404ca06febfd6f');

/*!40101 SET SQL_MODE=@OLD_SQL_MODE */;
/*!40014 SET FOREIGN_KEY_CHECKS=@OLD_FOREIGN_KEY_CHECKS */;
/*!40014 SET UNIQUE_CHECKS=@OLD_UNIQUE_CHECKS */;
/*!40111 SET SQL_NOTES=@OLD_SQL_NOTES */;
